Product Id,Product Handle,Product Title,Product Subtitle,Product Status,Product External Id,Product Description,Product Is Giftcard,Product Discountable,Product Thumbnail,Product Collection Id,Product Type Id,Product Weight,Product Length,Product Height,Product Width,Product Hs Code,Product Origin Country,Product Mid Code,Product Material,Product Created At,Product Updated At,Product Deleted At,Product Image 1,Product Image 2,Product Sales Channel 1,Variant Id,Variant Title,Variant Sku,Variant Barcode,Variant Ean,Variant Upc,Variant Allow Backorder,Variant Manage Inventory,Variant Hs Code,Variant Origin Country,Variant Mid Code,Variant Material,Variant Weight,Variant Length,Variant Height,Variant Width,Variant Metadata,Variant Variant Rank,Variant Thumbnail,Variant Product Id,Variant Created At,Variant Updated At,Variant Deleted At,Variant Price USD,Variant Price EUR,Variant Option 1 Id,Variant Option 1 Name,Variant Option 1 Value,Variant Image 1,Variant Image 2,Product Image 3,Product Image 4,Variant Option 2 Id,Variant Option 2 Name,Variant Option 2 Value,Variant Image 3,Variant Image 4
prod_01M2TTV0EZ9M83J376PP368TZ2,shorts,Medusa Shorts,,published,,"Reimagine the feeling of classic shorts. With our cotton shorts, everyday essentials no longer have to be ordinary.",false,true,https://medusa-public-images.s3.eu-west-1.amazonaws.com/shorts-vintage-front.png,,,400,,,,,,,,Fri Sep 18 2026 13:00:42 GMT-0500 (Ecuador Time),Fri Sep 18 2026 13:00:42 GMT-0500 (Ecuador Time),,https://medusa-public-images.s3.eu-west-1.amazonaws.com/shorts-vintage-front.png,https://medusa-public-images.s3.eu-west-1.amazonaws.com/shorts-vintage-back.png,sc_01M2TTTKA3HPP8GQS4X513RDBC,variant_01M2TTV4AH3C4GKDFV765VZ3CH,S,SHORTS-S,,,,false,true,,,,,,,,,,0,,prod_01M2TTV0EZ9M83J376PP368TZ2,Fri Sep 18 2026 13:00:46 GMT-0500 (Ecuador Time),Fri Sep 18 2026 13:00:46 GMT-0500 (Ecuador Time),,15,10,opt_01M2TTTZN6TDJ2CE2RW2EDQXBE,Size,S,https://medusa-public-images.s3.eu-west-1.amazonaws.com/shorts-vintage-front.png,https://medusa-public-images.s3.eu-west-1.amazonaws.com/shorts-vintage-back.png,,,,,,,
prod_01M2TTV0EZ9M83J376PP368TZ2,shorts,Medusa Shorts,,published,,"Reimagine the feeling of classic shorts. With our cotton shorts, everyday essentials no longer have to be ordinary.",false,true,https://medusa-public-images.s3.eu-west-1.amazonaws.com/shorts-vintage-front.png,,,400,,,,,,,,Fri Sep 18 2026 13:00:42 GMT-0500 (Ecuador Time),Fri Sep 18 2026 13:00:42 GMT-0500 (Ecuador Time),,https://medusa-public-images.s3.eu-west-1.amazonaws.com/shorts-vintage-front.png,https://medusa-public-images.s3.eu-west-1.amazonaws.com/shorts-vintage-back.png,sc_01M2TTTKA3HPP8GQS4X513RDBC,variant_01M2TTV4AHES7F0FPWN3EP4ZB1,XL,SHORTS-XL,,,,false,true,,,,,,,,,,0,,prod_01M2TTV0EZ9M83J376PP368TZ2,Fri Sep 18 2026 13:00:46 GMT-0500 (Ecuador Time),Fri Sep 18 2026 13:00:46 GMT-0500 (Ecuador Time),,15,10,opt_01M2TTTZN6TDJ2CE2RW2EDQXBE,Size,XL,https://medusa-public-images.s3.eu-west-1.amazonaws.com/shorts-vintage-front.png,https://medusa-public-images.s3.eu-west-1.amazonaws.com/shorts-vintage-back.png,,,,,,,
prod_01M2TTV0EZ9M83J376PP368TZ2,shorts,Medusa Shorts,,published,,"Reimagine the feeling of classic shorts. With our cotton shorts, everyday essentials no longer have to be ordinary.",false,true,https://medusa-public-images.s3.eu-west-1.amazonaws.com/shorts-vintage-front.png,,,400,,,,,,,,Fri Sep 18 2026 13:00:42 GMT-0500 (Ecuador Time),Fri Sep 18 2026 13:00:42 GMT-0500 (Ecuador Time),,https://medusa-public-images.s3.eu-west-1.amazonaws.com/shorts-vintage-front.png,https://medusa-public-images.s3.eu-west-1.amazonaws.com/shorts-vintage-back.png,sc_01M2TTTKA3HPP8GQS4X513RDBC,variant_01M2TTV4AHMFHKRJ3SGG79T4D0,M,SHORTS-M,,,,false,true,,,,,,,,,,0,,prod_01M2TTV0EZ9M83J376PP368TZ2,Fri Sep 18 2026 13:00:46 GMT-0500 (Ecuador Time),Fri Sep 18 2026 13:00:46 GMT-0500 (Ecuador Time),,15,10,opt_01M2TTTZN6TDJ2CE2RW2EDQXBE,Size,M,https://medusa-public-images.s3.eu-west-1.amazonaws.com/shorts-vintage-front.png,https://medusa-public-images.s3.eu-west-1.amazonaws.com/shorts-vintage-back.png,,,,,,,
prod_01M2TTV0EZ9M83J376PP368TZ2,shorts,Medusa Shorts,,published,,"Reimagine the feeling of classic shorts. With our cotton shorts, everyday essentials no longer have to be ordinary.",false,true,https://medusa-public-images.s3.eu-west-1.amazonaws.com/shorts-vintage-front.png,,,400,,,,,,,,Fri Sep 18 2026 13:00:42 GMT-0500 (Ecuador Time),Fri Sep 18 2026 13:00:42 GMT-0500 (Ecuador Time),,https://medusa-public-images.s3.eu-west-1.amazonaws.com/shorts-vintage-front.png,https://medusa-public-images.s3.eu-west-1.amazonaws.com/shorts-vintage-back.png,sc_01M2TTTKA3HPP8GQS4X513RDBC,variant_01M2TTV4AHVVD5Z91BPR084YBP,L,SHORTS-L,,,,false,true,,,,,,,,,,0,,prod_01M2TTV0EZ9M83J376PP368TZ2,Fri Sep 18 2026 13:00:46 GMT-0500 (Ecuador Time),Fri Sep 18 2026 13:00:46 GMT-0500 (Ecuador Time),,15,10,opt_01M2TTTZN6TDJ2CE2RW2EDQXBE,Size,L,https://medusa-public-images.s3.eu-west-1.amazonaws.com/shorts-vintage-front.png,https://medusa-public-images.s3.eu-west-1.amazonaws.com/shorts-vintage-back.png,,,,,,,
prod_01M2TTV0EZFKZMN6AH814ZF5RN,t-shirt,Medusa T-Shirt,,published,,"Reimagine the feeling of a classic T-shirt. With our cotton T-shirts, everyday essentials no longer have to be ordinary.",false,true,https://medusa-public-images.s3.eu-west-1.amazonaws.com/tee-black-front.png,,,400,,,,,,,,Fri Sep 18 2026 13:00:42 GMT-0500 (Ecuador Time),Fri Sep 18 2026 13:00:42 GMT-0500 (Ecuador Time),,https://medusa-public-images.s3.eu-west-1.amazonaws.com/tee-black-front.png,https://medusa-public-images.s3.eu-west-1.amazonaws.com/tee-black-back.png,sc_01M2TTTKA3HPP8GQS4X513RDBC,variant_01M2TTV4AEX3H0C11W3QJ4R5MK,S / Black,SHIRT-S-BLACK,,,,false,true,,,,,,,,,,0,,prod_01M2TTV0EZFKZMN6AH814ZF5RN,Fri Sep 18 2026 13:00:46 GMT-0500 (Ecuador Time),Fri Sep 18 2026 13:00:46 GMT-0500 (Ecuador Time),,15,10,opt_01M2TTTZN6TDJ2CE2RW2EDQXBE,Size,S,https://medusa-public-images.s3.eu-west-1.amazonaws.com/tee-black-front.png,https://medusa-public-images.s3.eu-west-1.amazonaws.com/tee-black-back.png,https://medusa-public-images.s3.eu-west-1.amazonaws.com/tee-white-front.png,https://medusa-public-images.s3.eu-west-1.amazonaws.com/tee-white-back.png,opt_01M2TTTZN7CG2FNFYWQWMZQRGA,Color,Black,https://medusa-public-images.s3.eu-west-1.amazonaws.com/tee-white-front.png,https://medusa-public-images.s3.eu-west-1.amazonaws.com/tee-white-back.png
prod_01M2TTV0EZFKZMN6AH814ZF5RN,t-shirt,Medusa T-Shirt,,published,,"Reimagine the feeling of a classic T-shirt. With our cotton T-shirts, everyday essentials no longer have to be ordinary.",false,true,https://medusa-public-images.s3.eu-west-1.amazonaws.com/tee-black-front.png,,,400,,,,,,,,Fri Sep 18 2026 13:00:42 GMT-0500 (Ecuador Time),Fri Sep 18 2026 13:00:42 GMT-0500 (Ecuador Time),,https://medusa-public-images.s3.eu-west-1.amazonaws.com/tee-black-front.png,https://medusa-public-images.s3.eu-west-1.amazonaws.com/tee-black-back.png,sc_01M2TTTKA3HPP8GQS4X513RDBC,variant_01M2TTV4AFAKTWVZ90G1HT56QK,M / Black,SHIRT-M-BLACK,,,,false,true,,,,,,,,,,0,,prod_01M2TTV0EZFKZMN6AH814ZF5RN,Fri Sep 18 2026 13:00:46 GMT-0500 (Ecuador Time),Fri Sep 18 2026 13:00:46 GMT-0500 (Ecuador Time),,15,10,opt_01M2TTTZN6TDJ2CE2RW2EDQXBE,Size,M,https://medusa-public-images.s3.eu-west-1.amazonaws.com/tee-black-front.png,https://medusa-public-images.s3.eu-west-1.amazonaws.com/tee-black-back.png,https://medusa-public-images.s3.eu-west-1.amazonaws.com/tee-white-front.png,https://medusa-public-images.s3.eu-west-1.amazonaws.com/tee-white-back.png,opt_01M2TTTZN7CG2FNFYWQWMZQRGA,Color,Black,https://medusa-public-images.s3.eu-west-1.amazonaws.com/tee-white-front.png,https://medusa-public-images.s3.eu-west-1.amazonaws.com/tee-white-back.png
prod_01M2TTV0EZFKZMN6AH814ZF5RN,t-shirt,Medusa T-Shirt,,published,,"Reimagine the feeling of a classic T-shirt. With our cotton T-shirts, everyday essentials no longer have to be ordinary.",false,true,https://medusa-public-images.s3.eu-west-1.amazonaws.com/tee-black-front.png,,,400,,,,,,,,Fri Sep 18 2026 13:00:42 GMT-0500 (Ecuador Time),Fri Sep 18 2026 13:00:42 GMT-0500 (Ecuador Time),,https://medusa-public-images.s3.eu-west-1.amazonaws.com/tee-black-front.png,https://medusa-public-images.s3.eu-west-1.amazonaws.com/tee-black-back.png,sc_01M2TTTKA3HPP8GQS4X513RDBC,variant_01M2TTV4AFBPMJP2HYY5P1DSF7,S / White,SHIRT-S-WHITE,,,,false,true,,,,,,,,,,0,,prod_01M2TTV0EZFKZMN6AH814ZF5RN,Fri Sep 18 2026 13:00:46 GMT-0500 (Ecuador Time),Fri Sep 18 2026 13:00:46 GMT-0500 (Ecuador Time),,15,10,opt_01M2TTTZN6TDJ2CE2RW2EDQXBE,Size,S,https://medusa-public-images.s3.eu-west-1.amazonaws.com/tee-black-front.png,https://medusa-public-images.s3.eu-west-1.amazonaws.com/tee-black-back.png,https://medusa-public-images.s3.eu-west-1.amazonaws.com/tee-white-front.png,https://medusa-public-images.s3.eu-west-1.amazonaws.com/tee-white-back.png,opt_01M2TTTZN7CG2FNFYWQWMZQRGA,Color,White,https://medusa-public-images.s3.eu-west-1.amazonaws.com/tee-white-front.png,https://medusa-public-images.s3.eu-west-1.amazonaws.com/tee-white-back.png
prod_01M2TTV0EZFKZMN6AH814ZF5RN,t-shirt,Medusa T-Shirt,,published,,"Reimagine the feeling of a classic T-shirt. With our cotton T-shirts, everyday essentials no longer have to be ordinary.",false,true,https://medusa-public-images.s3.eu-west-1.amazonaws.com/tee-black-front.png,,,400,,,,,,,,Fri Sep 18 2026 13:00:42 GMT-0500 (Ecuador Time),Fri Sep 18 2026 13:00:42 GMT-0500 (Ecuador Time),,https://medusa-public-images.s3.eu-west-1.amazonaws.com/tee-black-front.png,https://medusa-public-images.s3.eu-west-1.amazonaws.com/tee-black-back.png,sc_01M2TTTKA3HPP8GQS4X513RDBC,variant_01M2TTV4AFBZVGYVTN6PZA6EKV,M / White,SHIRT-M-WHITE,,,,false,true,,,,,,,,,,0,,prod_01M2TTV0EZFKZMN6AH814ZF5RN,Fri Sep 18 2026 13:00:46 GMT-0500 (Ecuador Time),Fri Sep 18 2026 13:00:46 GMT-0500 (Ecuador Time),,15,10,opt_01M2TTTZN6TDJ2CE2RW2EDQXBE,Size,M,https://medusa-public-images.s3.eu-west-1.amazonaws.com/tee-black-front.png,https://medusa-public-images.s3.eu-west-1.amazonaws.com/tee-black-back.png,https://medusa-public-images.s3.eu-west-1.amazonaws.com/tee-white-front.png,https://medusa-public-images.s3.eu-west-1.amazonaws.com/tee-white-back.png,opt_01M2TTTZN7CG2FNFYWQWMZQRGA,Color,White,https://medusa-public-images.s3.eu-west-1.amazonaws.com/tee-white-front.png,https://medusa-public-images.s3.eu-west-1.amazonaws.com/tee-white-back.png
prod_01M2TTV0EZFKZMN6AH814ZF5RN,t-shirt,Medusa T-Shirt,,published,,"Reimagine the feeling of a classic T-shirt. With our cotton T-shirts, everyday essentials no longer have to be ordinary.",false,true,https://medusa-public-images.s3.eu-west-1.amazonaws.com/tee-black-front.png,,,400,,,,,,,,Fri Sep 18 2026 13:00:42 GMT-0500 (Ecuador Time),Fri Sep 18 2026 13:00:42 GMT-0500 (Ecuador Time),,https://medusa-public-images.s3.eu-west-1.amazonaws.com/tee-black-front.png,https://medusa-public-images.s3.eu-west-1.amazonaws.com/tee-black-back.png,sc_01M2TTTKA3HPP8GQS4X513RDBC,variant_01M2TTV4AFG15NE19RYSJ45CJ1,L / Black,SHIRT-L-BLACK,,,,false,true,,,,,,,,,,0,,prod_01M2TTV0EZFKZMN6AH814ZF5RN,Fri Sep 18 2026 13:00:46 GMT-0500 (Ecuador Time),Fri Sep 18 2026 13:00:46 GMT-0500 (Ecuador Time),,15,10,opt_01M2TTTZN6TDJ2CE2RW2EDQXBE,Size,L,https://medusa-public-images.s3.eu-west-1.amazonaws.com/tee-black-front.png,https://medusa-public-images.s3.eu-west-1.amazonaws.com/tee-black-back.png,https://medusa-public-images.s3.eu-west-1.amazonaws.com/tee-white-front.png,https://medusa-public-images.s3.eu-west-1.amazonaws.com/tee-white-back.png,opt_01M2TTTZN7CG2FNFYWQWMZQRGA,Color,Black,https://medusa-public-images.s3.eu-west-1.amazonaws.com/tee-white-front.png,https://medusa-public-images.s3.eu-west-1.amazonaws.com/tee-white-back.png
prod_01M2TTV0EZFKZMN6AH814ZF5RN,t-shirt,Medusa T-Shirt,,published,,"Reimagine the feeling of a classic T-shirt. With our cotton T-shirts, everyday essentials no longer have to be ordinary.",false,true,https://medusa-public-images.s3.eu-west-1.amazonaws.com/tee-black-front.png,,,400,,,,,,,,Fri Sep 18 2026 13:00:42 GMT-0500 (Ecuador Time),Fri Sep 18 2026 13:00:42 GMT-0500 (Ecuador Time),,https://medusa-public-images.s3.eu-west-1.amazonaws.com/tee-black-front.png,https://medusa-public-images.s3.eu-west-1.amazonaws.com/tee-black-back.png,sc_01M2TTTKA3HPP8GQS4X513RDBC,variant_01M2TTV4AFMTW42BCNFWQYAEE2,L / White,SHIRT-L-WHITE,,,,false,true,,,,,,,,,,0,,prod_01M2TTV0EZFKZMN6AH814ZF5RN,Fri Sep 18 2026 13:00:46 GMT-0500 (Ecuador Time),Fri Sep 18 2026 13:00:46 GMT-0500 (Ecuador Time),,15,10,opt_01M2TTTZN6TDJ2CE2RW2EDQXBE,Size,L,https://medusa-public-images.s3.eu-west-1.amazonaws.com/tee-black-front.png,https://medusa-public-images.s3.eu-west-1.amazonaws.com/tee-black-back.png,https://medusa-public-images.s3.eu-west-1.amazonaws.com/tee-white-front.png,https://medusa-public-images.s3.eu-west-1.amazonaws.com/tee-white-back.png,opt_01M2TTTZN7CG2FNFYWQWMZQRGA,Color,White,https://medusa-public-images.s3.eu-west-1.amazonaws.com/tee-white-front.png,https://medusa-public-images.s3.eu-west-1.amazonaws.com/tee-white-back.png
prod_01M2TTV0EZFKZMN6AH814ZF5RN,t-shirt,Medusa T-Shirt,,published,,"Reimagine the feeling of a classic T-shirt. With our cotton T-shirts, everyday essentials no longer have to be ordinary.",false,true,https://medusa-public-images.s3.eu-west-1.amazonaws.com/tee-black-front.png,,,400,,,,,,,,Fri Sep 18 2026 13:00:42 GMT-0500 (Ecuador Time),Fri Sep 18 2026 13:00:42 GMT-0500 (Ecuador Time),,https://medusa-public-images.s3.eu-west-1.amazonaws.com/tee-black-front.png,https://medusa-public-images.s3.eu-west-1.amazonaws.com/tee-black-back.png,sc_01M2TTTKA3HPP8GQS4X513RDBC,variant_01M2TTV4AG0RJRHW6S30W9XCR6,XL / White,SHIRT-XL-WHITE,,,,false,true,,,,,,,,,,0,,prod_01M2TTV0EZFKZMN6AH814ZF5RN,Fri Sep 18 2026 13:00:46 GMT-0500 (Ecuador Time),Fri Sep 18 2026 13:00:46 GMT-0500 (Ecuador Time),,15,10,opt_01M2TTTZN6TDJ2CE2RW2EDQXBE,Size,XL,https://medusa-public-images.s3.eu-west-1.amazonaws.com/tee-black-front.png,https://medusa-public-images.s3.eu-west-1.amazonaws.com/tee-black-back.png,https://medusa-public-images.s3.eu-west-1.amazonaws.com/tee-white-front.png,https://medusa-public-images.s3.eu-west-1.amazonaws.com/tee-white-back.png,opt_01M2TTTZN7CG2FNFYWQWMZQRGA,Color,White,https://medusa-public-images.s3.eu-west-1.amazonaws.com/tee-white-front.png,https://medusa-public-images.s3.eu-west-1.amazonaws.com/tee-white-back.png
prod_01M2TTV0EZFKZMN6AH814ZF5RN,t-shirt,Medusa T-Shirt,,published,,"Reimagine the feeling of a classic T-shirt. With our cotton T-shirts, everyday essentials no longer have to be ordinary.",false,true,https://medusa-public-images.s3.eu-west-1.amazonaws.com/tee-black-front.png,,,400,,,,,,,,Fri Sep 18 2026 13:00:42 GMT-0500 (Ecuador Time),Fri Sep 18 2026 13:00:42 GMT-0500 (Ecuador Time),,https://medusa-public-images.s3.eu-west-1.amazonaws.com/tee-black-front.png,https://medusa-public-images.s3.eu-west-1.amazonaws.com/tee-black-back.png,sc_01M2TTTKA3HPP8GQS4X513RDBC,variant_01M2TTV4AGMP6BMDTPQCHK471R,XL / Black,SHIRT-XL-BLACK,,,,false,true,,,,,,,,,,0,,prod_01M2TTV0EZFKZMN6AH814ZF5RN,Fri Sep 18 2026 13:00:46 GMT-0500 (Ecuador Time),Fri Sep 18 2026 13:00:46 GMT-0500 (Ecuador Time),,15,10,opt_01M2TTTZN6TDJ2CE2RW2EDQXBE,Size,XL,https://medusa-public-images.s3.eu-west-1.amazonaws.com/tee-black-front.png,https://medusa-public-images.s3.eu-west-1.amazonaws.com/tee-black-back.png,https://medusa-public-images.s3.eu-west-1.amazonaws.com/tee-white-front.png,https://medusa-public-images.s3.eu-west-1.amazonaws.com/tee-white-back.png,opt_01M2TTTZN7CG2FNFYWQWMZQRGA,Color,Black,https://medusa-public-images.s3.eu-west-1.amazonaws.com/tee-white-front.png,https://medusa-public-images.s3.eu-west-1.amazonaws.com/tee-white-back.png
prod_01M2TTV0EZFVJ38THSX4202PDZ,sweatshirt,Medusa Sweatshirt,,published,,"Reimagine the feeling of a classic sweatshirt. With our cotton sweatshirt, everyday essentials no longer have to be ordinary.",false,true,https://medusa-public-images.s3.eu-west-1.amazonaws.com/sweatshirt-vintage-front.png,,,400,,,,,,,,Fri Sep 18 2026 13:00:42 GMT-0500 (Ecuador Time),Fri Sep 18 2026 13:00:42 GMT-0500 (Ecuador Time),,https://medusa-public-images.s3.eu-west-1.amazonaws.com/sweatshirt-vintage-front.png,https://medusa-public-images.s3.eu-west-1.amazonaws.com/sweatshirt-vintage-back.png,sc_01M2TTTKA3HPP8GQS4X513RDBC,variant_01M2TTV4AG2BAV96YDTSW4MQTZ,L,SWEATSHIRT-L,,,,false,true,,,,,,,,,,0,,prod_01M2TTV0EZFVJ38THSX4202PDZ,Fri Sep 18 2026 13:00:46 GMT-0500 (Ecuador Time),Fri Sep 18 2026 13:00:46 GMT-0500 (Ecuador Time),,15,10,opt_01M2TTTZN6TDJ2CE2RW2EDQXBE,Size,L,https://medusa-public-images.s3.eu-west-1.amazonaws.com/sweatshirt-vintage-front.png,https://medusa-public-images.s3.eu-west-1.amazonaws.com/sweatshirt-vintage-back.png,,,,,,,
prod_01M2TTV0EZFVJ38THSX4202PDZ,sweatshirt,Medusa Sweatshirt,,published,,"Reimagine the feeling of a classic sweatshirt. With our cotton sweatshirt, everyday essentials no longer have to be ordinary.",false,true,https://medusa-public-images.s3.eu-west-1.amazonaws.com/sweatshirt-vintage-front.png,,,400,,,,,,,,Fri Sep 18 2026 13:00:42 GMT-0500 (Ecuador Time),Fri Sep 18 2026 13:00:42 GMT-0500 (Ecuador Time),,https://medusa-public-images.s3.eu-west-1.amazonaws.com/sweatshirt-vintage-front.png,https://medusa-public-images.s3.eu-west-1.amazonaws.com/sweatshirt-vintage-back.png,sc_01M2TTTKA3HPP8GQS4X513RDBC,variant_01M2TTV4AG44CK46PKWSEQ175X,M,SWEATSHIRT-M,,,,false,true,,,,,,,,,,0,,prod_01M2TTV0EZFVJ38THSX4202PDZ,Fri Sep 18 2026 13:00:46 GMT-0500 (Ecuador Time),Fri Sep 18 2026 13:00:46 GMT-0500 (Ecuador Time),,15,10,opt_01M2TTTZN6TDJ2CE2RW2EDQXBE,Size,M,https://medusa-public-images.s3.eu-west-1.amazonaws.com/sweatshirt-vintage-front.png,https://medusa-public-images.s3.eu-west-1.amazonaws.com/sweatshirt-vintage-back.png,,,,,,,
prod_01M2TTV0EZFVJ38THSX4202PDZ,sweatshirt,Medusa Sweatshirt,,published,,"Reimagine the feeling of a classic sweatshirt. With our cotton sweatshirt, everyday essentials no longer have to be ordinary.",false,true,https://medusa-public-images.s3.eu-west-1.amazonaws.com/sweatshirt-vintage-front.png,,,400,,,,,,,,Fri Sep 18 2026 13:00:42 GMT-0500 (Ecuador Time),Fri Sep 18 2026 13:00:42 GMT-0500 (Ecuador Time),,https://medusa-public-images.s3.eu-west-1.amazonaws.com/sweatshirt-vintage-front.png,https://medusa-public-images.s3.eu-west-1.amazonaws.com/sweatshirt-vintage-back.png,sc_01M2TTTKA3HPP8GQS4X513RDBC,variant_01M2TTV4AGBTDJMCP3RTMCT88P,XL,SWEATSHIRT-XL,,,,false,true,,,,,,,,,,0,,prod_01M2TTV0EZFVJ38THSX4202PDZ,Fri Sep 18 2026 13:00:46 GMT-0500 (Ecuador Time),Fri Sep 18 2026 13:00:46 GMT-0500 (Ecuador Time),,15,10,opt_01M2TTTZN6TDJ2CE2RW2EDQXBE,Size,XL,https://medusa-public-images.s3.eu-west-1.amazonaws.com/sweatshirt-vintage-front.png,https://medusa-public-images.s3.eu-west-1.amazonaws.com/sweatshirt-vintage-back.png,,,,,,,
prod_01M2TTV0EZFVJ38THSX4202PDZ,sweatshirt,Medusa Sweatshirt,,published,,"Reimagine the feeling of a classic sweatshirt. With our cotton sweatshirt, everyday essentials no longer have to be ordinary.",false,true,https://medusa-public-images.s3.eu-west-1.amazonaws.com/sweatshirt-vintage-front.png,,,400,,,,,,,,Fri Sep 18 2026 13:00:42 GMT-0500 (Ecuador Time),Fri Sep 18 2026 13:00:42 GMT-0500 (Ecuador Time),,https://medusa-public-images.s3.eu-west-1.amazonaws.com/sweatshirt-vintage-front.png,https://medusa-public-images.s3.eu-west-1.amazonaws.com/sweatshirt-vintage-back.png,sc_01M2TTTKA3HPP8GQS4X513RDBC,variant_01M2TTV4AGV295TGXH9QCH80M1,S,SWEATSHIRT-S,,,,false,true,,,,,,,,,,0,,prod_01M2TTV0EZFVJ38THSX4202PDZ,Fri Sep 18 2026 13:00:46 GMT-0500 (Ecuador Time),Fri Sep 18 2026 13:00:46 GMT-0500 (Ecuador Time),,15,10,opt_01M2TTTZN6TDJ2CE2RW2EDQXBE,Size,S,https://medusa-public-images.s3.eu-west-1.amazonaws.com/sweatshirt-vintage-front.png,https://medusa-public-images.s3.eu-west-1.amazonaws.com/sweatshirt-vintage-back.png,,,,,,,
prod_01M2TTV0EZG7KA9GD2M6P5AQS1,sweatpants,Medusa Sweatpants,,published,,"Reimagine the feeling of classic sweatpants. With our cotton sweatpants, everyday essentials no longer have to be ordinary.",false,true,https://medusa-public-images.s3.eu-west-1.amazonaws.com/sweatpants-gray-front.png,,,400,,,,,,,,Fri Sep 18 2026 13:00:42 GMT-0500 (Ecuador Time),Fri Sep 18 2026 13:00:42 GMT-0500 (Ecuador Time),,https://medusa-public-images.s3.eu-west-1.amazonaws.com/sweatpants-gray-front.png,https://medusa-public-images.s3.eu-west-1.amazonaws.com/sweatpants-gray-back.png,sc_01M2TTTKA3HPP8GQS4X513RDBC,variant_01M2TTV4AHDZ9M1HR4AZ66RNX9,M,SWEATPANTS-M,,,,false,true,,,,,,,,,,0,,prod_01M2TTV0EZG7KA9GD2M6P5AQS1,Fri Sep 18 2026 13:00:46 GMT-0500 (Ecuador Time),Fri Sep 18 2026 13:00:46 GMT-0500 (Ecuador Time),,15,10,opt_01M2TTTZN6TDJ2CE2RW2EDQXBE,Size,M,https://medusa-public-images.s3.eu-west-1.amazonaws.com/sweatpants-gray-front.png,https://medusa-public-images.s3.eu-west-1.amazonaws.com/sweatpants-gray-back.png,,,,,,,
prod_01M2TTV0EZG7KA9GD2M6P5AQS1,sweatpants,Medusa Sweatpants,,published,,"Reimagine the feeling of classic sweatpants. With our cotton sweatpants, everyday essentials no longer have to be ordinary.",false,true,https://medusa-public-images.s3.eu-west-1.amazonaws.com/sweatpants-gray-front.png,,,400,,,,,,,,Fri Sep 18 2026 13:00:42 GMT-0500 (Ecuador Time),Fri Sep 18 2026 13:00:42 GMT-0500 (Ecuador Time),,https://medusa-public-images.s3.eu-west-1.amazonaws.com/sweatpants-gray-front.png,https://medusa-public-images.s3.eu-west-1.amazonaws.com/sweatpants-gray-back.png,sc_01M2TTTKA3HPP8GQS4X513RDBC,variant_01M2TTV4AHEZJ35PGNF839G3RY,XL,SWEATPANTS-XL,,,,false,true,,,,,,,,,,0,,prod_01M2TTV0EZG7KA9GD2M6P5AQS1,Fri Sep 18 2026 13:00:46 GMT-0500 (Ecuador Time),Fri Sep 18 2026 13:00:46 GMT-0500 (Ecuador Time),,15,10,opt_01M2TTTZN6TDJ2CE2RW2EDQXBE,Size,XL,https://medusa-public-images.s3.eu-west-1.amazonaws.com/sweatpants-gray-front.png,https://medusa-public-images.s3.eu-west-1.amazonaws.com/sweatpants-gray-back.png,,,,,,,
prod_01M2TTV0EZG7KA9GD2M6P5AQS1,sweatpants,Medusa Sweatpants,,published,,"Reimagine the feeling of classic sweatpants. With our cotton sweatpants, everyday essentials no longer have to be ordinary.",false,true,https://medusa-public-images.s3.eu-west-1.amazonaws.com/sweatpants-gray-front.png,,,400,,,,,,,,Fri Sep 18 2026 13:00:42 GMT-0500 (Ecuador Time),Fri Sep 18 2026 13:00:42 GMT-0500 (Ecuador Time),,https://medusa-public-images.s3.eu-west-1.amazonaws.com/sweatpants-gray-front.png,https://medusa-public-images.s3.eu-west-1.amazonaws.com/sweatpants-gray-back.png,sc_01M2TTTKA3HPP8GQS4X513RDBC,variant_01M2TTV4AHMYZ1TS4QB623X4DX,S,SWEATPANTS-S,,,,false,true,,,,,,,,,,0,,prod_01M2TTV0EZG7KA9GD2M6P5AQS1,Fri Sep 18 2026 13:00:46 GMT-0500 (Ecuador Time),Fri Sep 18 2026 13:00:46 GMT-0500 (Ecuador Time),,15,10,opt_01M2TTTZN6TDJ2CE2RW2EDQXBE,Size,S,https://medusa-public-images.s3.eu-west-1.amazonaws.com/sweatpants-gray-front.png,https://medusa-public-images.s3.eu-west-1.amazonaws.com/sweatpants-gray-back.png,,,,,,,
prod_01M2TTV0EZG7KA9GD2M6P5AQS1,sweatpants,Medusa Sweatpants,,published,,"Reimagine the feeling of classic sweatpants. With our cotton sweatpants, everyday essentials no longer have to be ordinary.",false,true,https://medusa-public-images.s3.eu-west-1.amazonaws.com/sweatpants-gray-front.png,,,400,,,,,,,,Fri Sep 18 2026 13:00:42 GMT-0500 (Ecuador Time),Fri Sep 18 2026 13:00:42 GMT-0500 (Ecuador Time),,https://medusa-public-images.s3.eu-west-1.amazonaws.com/sweatpants-gray-front.png,https://medusa-public-images.s3.eu-west-1.amazonaws.com/sweatpants-gray-back.png,sc_01M2TTTKA3HPP8GQS4X513RDBC,variant_01M2TTV4AHXZQ7GGNDTEB06DJR,L,SWEATPANTS-L,,,,false,true,,,,,,,,,,0,,prod_01M2TTV0EZG7KA9GD2M6P5AQS1,Fri Sep 18 2026 13:00:46 GMT-0500 (Ecuador Time),Fri Sep 18 2026 13:00:46 GMT-0500 (Ecuador Time),,15,10,opt_01M2TTTZN6TDJ2CE2RW2EDQXBE,Size,L,https://medusa-public-images.s3.eu-west-1.amazonaws.com/sweatpants-gray-front.png,https://medusa-public-images.s3.eu-west-1.amazonaws.com/sweatpants-gray-back.png,,,,,,,
prod_01M2TVEF4N00D9DW7PE070RQ1Z,peluche-dragon,Peluche Dragon,,published,,"Peluche de felpa ultrasuave con la mascota oficial del dragón en color rojo. Incluye un sweater tejido extraíble con las siglas bordadas de la USFQ. Ideal para colección, escritorio o regalo.",false,true,http://localhost:9000/static/1789755079303-1.png,,,,,,,,,,,Fri Sep 18 2026 13:11:19 GMT-0500 (Ecuador Time),Fri Sep 18 2026 13:11:19 GMT-0500 (Ecuador Time),,http://localhost:9000/static/1789755079303-1.png,,sc_01M2TTTKA3HPP8GQS4X513RDBC,variant_01M2TVEJWKRE864GN385N8XHSD,Default variant,,,,,false,false,,,,,,,,,,0,,prod_01M2TVEF4N00D9DW7PE070RQ1Z,Fri Sep 18 2026 13:11:23 GMT-0500 (Ecuador Time),Fri Sep 18 2026 13:11:23 GMT-0500 (Ecuador Time),,,,opt_01M2TVEF4PWZ5ZN9R0Z8P7WB5S,Default option,Default option value,http://localhost:9000/static/1789755079303-1.png,,,,,,,,